<profile>

<section name = "Vivado HLS Report for 'trace_cntrl_64'" level="0">
<item name = "Date">Mon Nov  7 13:05:50 2022
</item>
<item name = "Version">2019.1 (Build 2552052 on Fri May 24 15:28:33 MDT 2019)</item>
<item name = "Project">trace_cntrl_64</item>
<item name = "Solution">solution1</item>
<item name = "Product family">zynq</item>
<item name = "Target device">xc7z020-clg484-1</item>
</section>

<section name = "Performance Estimates" level="0">
<item name = "Timing (ns)">
<section name = "" level="1">
<item name = "Summary"><table name="" hasTotal="0">
<keys size="4">Clock, Target, Estimated, Uncertainty</keys>
<column name="ap_clk">10.00, 6.873, 1.25</column>
</table>
</item>
</section>
</item>
<item name = "Latency (clock cycles)">
<section name = "" level="1">
<item name = "Summary"><table name="" hasTotal="0">
<keys size="6">, min, max, min, max, Type</keys>
<column name="">?, ?, ?, ?, none</column>
</table>
</item>
<item name = "Detail">
<section name = "" level="1">
<item name = "Instance"><table name="" hasTotal="0">
<keys size="7">Instance, Module, min, max, min, max, Type</keys>
</table>
</item>
<item name = "Loop"><table name="" hasTotal="0">
<keys size="8">Loop Name, min, max, Latency, achieved, target, Count, Pipelined</keys>
<column name="- Loop 1">?, ?, 3, 1, 1, ?, yes</column>
</table>
</item>
</section>
</item>
</section>
</item>
</section>

<section name = "Utilization Estimates" level="0">
<item name = "Summary"><table name="" hasTotal="1">
<keys size="6">Name, BRAM_18K, DSP48E, FF, LUT, URAM</keys>
<column name="DSP">-, -, -, -, -</column>
<column name="Expression">-, -, 0, 422, -</column>
<column name="FIFO">-, -, -, -, -</column>
<column name="Instance">0, -, 144, 232, -</column>
<column name="Memory">-, -, -, -, -</column>
<column name="Multiplexer">-, -, -, 420, -</column>
<column name="Register">-, -, 641, -, -</column>
<specialColumn name="Available">280, 220, 106400, 53200, 0</specialColumn>
<specialColumn name="Utilization (%)">0, 0, ~0, 2, 0</specialColumn>
</table>
</item>
<item name = "Detail">
<section name = "" level="1">
<item name = "Instance"><table name="" hasTotal="1">
<keys size="7">Instance, Module, BRAM_18K, DSP48E, FF, LUT, URAM</keys>
<column name="trace_cntrl_64_trace_cntrl_s_axi_U">trace_cntrl_64_trace_cntrl_s_axi, 0, 0, 144, 232, 0</column>
</table>
</item>
<item name = "DSP48E"><table name="" hasTotal="0">
<keys size="3">Instance, Module, Expression</keys>
</table>
</item>
<item name = "Memory"><table name="" hasTotal="1">
<keys size="10">Memory, Module, BRAM_18K, FF, LUT, URAM, Words, Bits, Banks, W*Bits*Banks</keys>
</table>
</item>
<item name = "FIFO"><table name="" hasTotal="1">
<keys size="8">Name, BRAM_18K, FF, LUT, URAM, Depth, Bits, Size:D*B</keys>
</table>
</item>
<item name = "Expression"><table name="" hasTotal="1">
<keys size="7">Variable Name, Operation, DSP48E, FF, LUT, Bitwidth P0, Bitwidth P1</keys>
<column name="add_ln27_fu_167_p2">+, 0, 0, 39, 2, 32</column>
<column name="i_2_fu_257_p2">+, 0, 0, 39, 32, 1</column>
<column name="i_fu_231_p2">+, 0, 0, 39, 32, 2</column>
<column name="samples_fu_246_p2">+, 0, 0, 39, 32, 1</column>
<column name="and_ln23_fu_215_p2">and, 0, 0, 32, 32, 32</column>
<column name="ap_block_pp0_stage0_01001">and, 0, 0, 2, 1, 1</column>
<column name="ap_block_state2_pp0_stage0_iter0">and, 0, 0, 2, 1, 1</column>
<column name="ap_block_state3_io">and, 0, 0, 2, 1, 1</column>
<column name="ap_block_state4_io">and, 0, 0, 2, 1, 1</column>
<column name="ap_condition_852">and, 0, 0, 2, 1, 1</column>
<column name="ap_predicate_op60_write_state3">and, 0, 0, 2, 1, 1</column>
<column name="ap_predicate_op63_write_state4">and, 0, 0, 2, 1, 1</column>
<column name="capture_64_data_V_1_load_A">and, 0, 0, 2, 1, 1</column>
<column name="capture_64_data_V_1_load_B">and, 0, 0, 2, 1, 1</column>
<column name="capture_64_dest_V_1_load_A">and, 0, 0, 2, 1, 1</column>
<column name="capture_64_dest_V_1_load_B">and, 0, 0, 2, 1, 1</column>
<column name="capture_64_id_V_1_load_A">and, 0, 0, 2, 1, 1</column>
<column name="capture_64_id_V_1_load_B">and, 0, 0, 2, 1, 1</column>
<column name="capture_64_keep_V_1_load_A">and, 0, 0, 2, 1, 1</column>
<column name="capture_64_keep_V_1_load_B">and, 0, 0, 2, 1, 1</column>
<column name="capture_64_last_V_1_load_A">and, 0, 0, 2, 1, 1</column>
<column name="capture_64_last_V_1_load_B">and, 0, 0, 2, 1, 1</column>
<column name="capture_64_strb_V_1_load_A">and, 0, 0, 2, 1, 1</column>
<column name="capture_64_strb_V_1_load_B">and, 0, 0, 2, 1, 1</column>
<column name="capture_64_user_V_1_load_A">and, 0, 0, 2, 1, 1</column>
<column name="capture_64_user_V_1_load_B">and, 0, 0, 2, 1, 1</column>
<column name="trace_64_data_V_0_load_A">and, 0, 0, 2, 1, 1</column>
<column name="trace_64_data_V_0_load_B">and, 0, 0, 2, 1, 1</column>
<column name="trace_64_dest_V_0_load_A">and, 0, 0, 2, 1, 1</column>
<column name="trace_64_dest_V_0_load_B">and, 0, 0, 2, 1, 1</column>
<column name="trace_64_id_V_0_load_A">and, 0, 0, 2, 1, 1</column>
<column name="trace_64_id_V_0_load_B">and, 0, 0, 2, 1, 1</column>
<column name="trace_64_keep_V_0_load_A">and, 0, 0, 2, 1, 1</column>
<column name="trace_64_keep_V_0_load_B">and, 0, 0, 2, 1, 1</column>
<column name="trace_64_strb_V_0_load_A">and, 0, 0, 2, 1, 1</column>
<column name="trace_64_strb_V_0_load_B">and, 0, 0, 2, 1, 1</column>
<column name="trace_64_user_V_0_load_A">and, 0, 0, 2, 1, 1</column>
<column name="trace_64_user_V_0_load_B">and, 0, 0, 2, 1, 1</column>
<column name="capture_64_data_V_1_state_cmp_full">icmp, 0, 0, 8, 2, 1</column>
<column name="capture_64_dest_V_1_state_cmp_full">icmp, 0, 0, 8, 2, 1</column>
<column name="capture_64_id_V_1_state_cmp_full">icmp, 0, 0, 8, 2, 1</column>
<column name="capture_64_keep_V_1_state_cmp_full">icmp, 0, 0, 8, 2, 1</column>
<column name="capture_64_last_V_1_state_cmp_full">icmp, 0, 0, 8, 2, 1</column>
<column name="capture_64_strb_V_1_state_cmp_full">icmp, 0, 0, 8, 2, 1</column>
<column name="capture_64_user_V_1_state_cmp_full">icmp, 0, 0, 8, 2, 1</column>
<column name="icmp_ln20_fu_182_p2">icmp, 0, 0, 18, 32, 32</column>
<column name="icmp_ln23_fu_220_p2">icmp, 0, 0, 18, 32, 32</column>
<column name="trace_64_data_V_0_state_cmp_full">icmp, 0, 0, 8, 2, 1</column>
<column name="trace_64_dest_V_0_state_cmp_full">icmp, 0, 0, 8, 2, 1</column>
<column name="trace_64_id_V_0_state_cmp_full">icmp, 0, 0, 8, 2, 1</column>
<column name="trace_64_keep_V_0_state_cmp_full">icmp, 0, 0, 8, 2, 1</column>
<column name="trace_64_strb_V_0_state_cmp_full">icmp, 0, 0, 8, 2, 1</column>
<column name="trace_64_user_V_0_state_cmp_full">icmp, 0, 0, 8, 2, 1</column>
<column name="trace_temp_last_V_fu_241_p2">icmp, 0, 0, 18, 32, 32</column>
<column name="ap_block_pp0_stage0_11001">or, 0, 0, 2, 1, 1</column>
<column name="ap_block_state5">or, 0, 0, 2, 1, 1</column>
<column name="or_ln23_fu_225_p2">or, 0, 0, 2, 1, 1</column>
<column name="ap_enable_pp0">xor, 0, 0, 2, 1, 2</column>
<column name="ap_enable_reg_pp0_iter1">xor, 0, 0, 2, 2, 1</column>
</table>
</item>
<item name = "Multiplexer"><table name="" hasTotal="1">
<keys size="5">Name, LUT, Input Size, Bits, Total Bits</keys>
<column name="ap_NS_fsm">21, 4, 1, 4</column>
<column name="ap_enable_reg_pp0_iter1">9, 2, 1, 2</column>
<column name="ap_enable_reg_pp0_iter2">9, 2, 1, 2</column>
<column name="ap_phi_mux_i_1_phi_fu_160_p4">15, 3, 32, 96</column>
<column name="ap_phi_mux_match_0_phi_fu_139_p4">9, 2, 1, 2</column>
<column name="capture_64_TDATA_blk_n">9, 2, 1, 2</column>
<column name="capture_64_data_V_1_data_out">9, 2, 64, 128</column>
<column name="capture_64_data_V_1_state">15, 3, 2, 6</column>
<column name="capture_64_dest_V_1_data_out">9, 2, 1, 2</column>
<column name="capture_64_dest_V_1_state">15, 3, 2, 6</column>
<column name="capture_64_id_V_1_data_out">9, 2, 1, 2</column>
<column name="capture_64_id_V_1_state">15, 3, 2, 6</column>
<column name="capture_64_keep_V_1_data_out">9, 2, 8, 16</column>
<column name="capture_64_keep_V_1_state">15, 3, 2, 6</column>
<column name="capture_64_last_V_1_data_out">9, 2, 1, 2</column>
<column name="capture_64_last_V_1_state">15, 3, 2, 6</column>
<column name="capture_64_strb_V_1_data_out">9, 2, 8, 16</column>
<column name="capture_64_strb_V_1_state">15, 3, 2, 6</column>
<column name="capture_64_user_V_1_data_out">9, 2, 1, 2</column>
<column name="capture_64_user_V_1_state">15, 3, 2, 6</column>
<column name="i_0_reg_146">9, 2, 32, 64</column>
<column name="match_0_reg_135">9, 2, 1, 2</column>
<column name="samples_1_fu_76">9, 2, 32, 64</column>
<column name="trace_64_TDATA_blk_n">9, 2, 1, 2</column>
<column name="trace_64_data_V_0_data_out">9, 2, 64, 128</column>
<column name="trace_64_data_V_0_state">15, 3, 2, 6</column>
<column name="trace_64_dest_V_0_data_out">9, 2, 1, 2</column>
<column name="trace_64_dest_V_0_state">15, 3, 2, 6</column>
<column name="trace_64_id_V_0_data_out">9, 2, 1, 2</column>
<column name="trace_64_id_V_0_state">15, 3, 2, 6</column>
<column name="trace_64_keep_V_0_data_out">9, 2, 8, 16</column>
<column name="trace_64_keep_V_0_state">15, 3, 2, 6</column>
<column name="trace_64_strb_V_0_data_out">9, 2, 8, 16</column>
<column name="trace_64_strb_V_0_state">15, 3, 2, 6</column>
<column name="trace_64_user_V_0_data_out">9, 2, 1, 2</column>
<column name="trace_64_user_V_0_state">15, 3, 2, 6</column>
</table>
</item>
<item name = "Register"><table name="" hasTotal="1">
<keys size="5">Name, FF, LUT, Bits, Const Bits</keys>
<column name="add_ln27_reg_275">32, 0, 32, 0</column>
<column name="ap_CS_fsm">3, 0, 3, 0</column>
<column name="ap_enable_reg_pp0_iter0">1, 0, 1, 0</column>
<column name="ap_enable_reg_pp0_iter1">1, 0, 1, 0</column>
<column name="ap_enable_reg_pp0_iter2">1, 0, 1, 0</column>
<column name="capture_64_data_V_1_payload_A">64, 0, 64, 0</column>
<column name="capture_64_data_V_1_payload_B">64, 0, 64, 0</column>
<column name="capture_64_data_V_1_sel_rd">1, 0, 1, 0</column>
<column name="capture_64_data_V_1_sel_wr">1, 0, 1, 0</column>
<column name="capture_64_data_V_1_state">2, 0, 2, 0</column>
<column name="capture_64_dest_V_1_payload_A">1, 0, 1, 0</column>
<column name="capture_64_dest_V_1_payload_B">1, 0, 1, 0</column>
<column name="capture_64_dest_V_1_sel_rd">1, 0, 1, 0</column>
<column name="capture_64_dest_V_1_sel_wr">1, 0, 1, 0</column>
<column name="capture_64_dest_V_1_state">2, 0, 2, 0</column>
<column name="capture_64_id_V_1_payload_A">1, 0, 1, 0</column>
<column name="capture_64_id_V_1_payload_B">1, 0, 1, 0</column>
<column name="capture_64_id_V_1_sel_rd">1, 0, 1, 0</column>
<column name="capture_64_id_V_1_sel_wr">1, 0, 1, 0</column>
<column name="capture_64_id_V_1_state">2, 0, 2, 0</column>
<column name="capture_64_keep_V_1_payload_A">8, 0, 8, 0</column>
<column name="capture_64_keep_V_1_payload_B">8, 0, 8, 0</column>
<column name="capture_64_keep_V_1_sel_rd">1, 0, 1, 0</column>
<column name="capture_64_keep_V_1_sel_wr">1, 0, 1, 0</column>
<column name="capture_64_keep_V_1_state">2, 0, 2, 0</column>
<column name="capture_64_last_V_1_payload_A">1, 0, 1, 0</column>
<column name="capture_64_last_V_1_payload_B">1, 0, 1, 0</column>
<column name="capture_64_last_V_1_sel_rd">1, 0, 1, 0</column>
<column name="capture_64_last_V_1_sel_wr">1, 0, 1, 0</column>
<column name="capture_64_last_V_1_state">2, 0, 2, 0</column>
<column name="capture_64_strb_V_1_payload_A">8, 0, 8, 0</column>
<column name="capture_64_strb_V_1_payload_B">8, 0, 8, 0</column>
<column name="capture_64_strb_V_1_sel_rd">1, 0, 1, 0</column>
<column name="capture_64_strb_V_1_sel_wr">1, 0, 1, 0</column>
<column name="capture_64_strb_V_1_state">2, 0, 2, 0</column>
<column name="capture_64_user_V_1_payload_A">1, 0, 1, 0</column>
<column name="capture_64_user_V_1_payload_B">1, 0, 1, 0</column>
<column name="capture_64_user_V_1_sel_rd">1, 0, 1, 0</column>
<column name="capture_64_user_V_1_sel_wr">1, 0, 1, 0</column>
<column name="capture_64_user_V_1_state">2, 0, 2, 0</column>
<column name="i_0_reg_146">32, 0, 32, 0</column>
<column name="icmp_ln20_reg_286">1, 0, 1, 0</column>
<column name="icmp_ln20_reg_286_pp0_iter1_reg">1, 0, 1, 0</column>
<column name="length_read_reg_270">32, 0, 32, 0</column>
<column name="match_0_reg_135">1, 0, 1, 0</column>
<column name="or_ln23_reg_320">1, 0, 1, 0</column>
<column name="or_ln23_reg_320_pp0_iter1_reg">1, 0, 1, 0</column>
<column name="samples_1_fu_76">32, 0, 32, 0</column>
<column name="trace_64_data_V_0_payload_A">64, 0, 64, 0</column>
<column name="trace_64_data_V_0_payload_B">64, 0, 64, 0</column>
<column name="trace_64_data_V_0_sel_rd">1, 0, 1, 0</column>
<column name="trace_64_data_V_0_sel_wr">1, 0, 1, 0</column>
<column name="trace_64_data_V_0_state">2, 0, 2, 0</column>
<column name="trace_64_dest_V_0_payload_A">1, 0, 1, 0</column>
<column name="trace_64_dest_V_0_payload_B">1, 0, 1, 0</column>
<column name="trace_64_dest_V_0_sel_rd">1, 0, 1, 0</column>
<column name="trace_64_dest_V_0_sel_wr">1, 0, 1, 0</column>
<column name="trace_64_dest_V_0_state">2, 0, 2, 0</column>
<column name="trace_64_id_V_0_payload_A">1, 0, 1, 0</column>
<column name="trace_64_id_V_0_payload_B">1, 0, 1, 0</column>
<column name="trace_64_id_V_0_sel_rd">1, 0, 1, 0</column>
<column name="trace_64_id_V_0_sel_wr">1, 0, 1, 0</column>
<column name="trace_64_id_V_0_state">2, 0, 2, 0</column>
<column name="trace_64_keep_V_0_payload_A">8, 0, 8, 0</column>
<column name="trace_64_keep_V_0_payload_B">8, 0, 8, 0</column>
<column name="trace_64_keep_V_0_sel_rd">1, 0, 1, 0</column>
<column name="trace_64_keep_V_0_sel_wr">1, 0, 1, 0</column>
<column name="trace_64_keep_V_0_state">2, 0, 2, 0</column>
<column name="trace_64_strb_V_0_payload_A">8, 0, 8, 0</column>
<column name="trace_64_strb_V_0_payload_B">8, 0, 8, 0</column>
<column name="trace_64_strb_V_0_sel_rd">1, 0, 1, 0</column>
<column name="trace_64_strb_V_0_sel_wr">1, 0, 1, 0</column>
<column name="trace_64_strb_V_0_state">2, 0, 2, 0</column>
<column name="trace_64_user_V_0_payload_A">1, 0, 1, 0</column>
<column name="trace_64_user_V_0_payload_B">1, 0, 1, 0</column>
<column name="trace_64_user_V_0_sel_rd">1, 0, 1, 0</column>
<column name="trace_64_user_V_0_sel_wr">1, 0, 1, 0</column>
<column name="trace_64_user_V_0_state">2, 0, 2, 0</column>
<column name="trace_temp_data_V_reg_290">64, 0, 64, 0</column>
<column name="trace_temp_dest_V_reg_315">1, 0, 1, 0</column>
<column name="trace_temp_id_V_reg_310">1, 0, 1, 0</column>
<column name="trace_temp_keep_V_reg_295">8, 0, 8, 0</column>
<column name="trace_temp_last_V_reg_325">1, 0, 1, 0</column>
<column name="trace_temp_strb_V_reg_300">8, 0, 8, 0</column>
<column name="trace_temp_user_V_reg_305">1, 0, 1, 0</column>
<column name="trunc_ln555_reg_280">32, 0, 32, 0</column>
</table>
</item>
</section>
</item>
</section>

<section name = "Interface" level="0">
<item name = "Summary"><table name="" hasTotal="0">
<keys size="6">RTL Ports, Dir, Bits, Protocol, Source Object, C Type</keys>
<column name="s_axi_trace_cntrl_AWVALID">in, 1, s_axi, trace_cntrl, scalar</column>
<column name="s_axi_trace_cntrl_AWREADY">out, 1, s_axi, trace_cntrl, scalar</column>
<column name="s_axi_trace_cntrl_AWADDR">in, 6, s_axi, trace_cntrl, scalar</column>
<column name="s_axi_trace_cntrl_WVALID">in, 1, s_axi, trace_cntrl, scalar</column>
<column name="s_axi_trace_cntrl_WREADY">out, 1, s_axi, trace_cntrl, scalar</column>
<column name="s_axi_trace_cntrl_WDATA">in, 32, s_axi, trace_cntrl, scalar</column>
<column name="s_axi_trace_cntrl_WSTRB">in, 4, s_axi, trace_cntrl, scalar</column>
<column name="s_axi_trace_cntrl_ARVALID">in, 1, s_axi, trace_cntrl, scalar</column>
<column name="s_axi_trace_cntrl_ARREADY">out, 1, s_axi, trace_cntrl, scalar</column>
<column name="s_axi_trace_cntrl_ARADDR">in, 6, s_axi, trace_cntrl, scalar</column>
<column name="s_axi_trace_cntrl_RVALID">out, 1, s_axi, trace_cntrl, scalar</column>
<column name="s_axi_trace_cntrl_RREADY">in, 1, s_axi, trace_cntrl, scalar</column>
<column name="s_axi_trace_cntrl_RDATA">out, 32, s_axi, trace_cntrl, scalar</column>
<column name="s_axi_trace_cntrl_RRESP">out, 2, s_axi, trace_cntrl, scalar</column>
<column name="s_axi_trace_cntrl_BVALID">out, 1, s_axi, trace_cntrl, scalar</column>
<column name="s_axi_trace_cntrl_BREADY">in, 1, s_axi, trace_cntrl, scalar</column>
<column name="s_axi_trace_cntrl_BRESP">out, 2, s_axi, trace_cntrl, scalar</column>
<column name="ap_clk">in, 1, ap_ctrl_hs, trace_cntrl_64, return value</column>
<column name="ap_rst_n">in, 1, ap_ctrl_hs, trace_cntrl_64, return value</column>
<column name="interrupt">out, 1, ap_ctrl_hs, trace_cntrl_64, return value</column>
<column name="trace_64_TDATA">in, 64, axis, trace_64_data_V, pointer</column>
<column name="trace_64_TVALID">in, 1, axis, trace_64_dest_V, pointer</column>
<column name="trace_64_TREADY">out, 1, axis, trace_64_dest_V, pointer</column>
<column name="trace_64_TDEST">in, 1, axis, trace_64_dest_V, pointer</column>
<column name="trace_64_TKEEP">in, 8, axis, trace_64_keep_V, pointer</column>
<column name="trace_64_TSTRB">in, 8, axis, trace_64_strb_V, pointer</column>
<column name="trace_64_TUSER">in, 1, axis, trace_64_user_V, pointer</column>
<column name="trace_64_TLAST">in, 1, axis, trace_64_last_V, pointer</column>
<column name="trace_64_TID">in, 1, axis, trace_64_id_V, pointer</column>
<column name="capture_64_TDATA">out, 64, axis, capture_64_data_V, pointer</column>
<column name="capture_64_TREADY">in, 1, axis, capture_64_data_V, pointer</column>
<column name="capture_64_TVALID">out, 1, axis, capture_64_dest_V, pointer</column>
<column name="capture_64_TDEST">out, 1, axis, capture_64_dest_V, pointer</column>
<column name="capture_64_TKEEP">out, 8, axis, capture_64_keep_V, pointer</column>
<column name="capture_64_TSTRB">out, 8, axis, capture_64_strb_V, pointer</column>
<column name="capture_64_TUSER">out, 1, axis, capture_64_user_V, pointer</column>
<column name="capture_64_TLAST">out, 1, axis, capture_64_last_V, pointer</column>
<column name="capture_64_TID">out, 1, axis, capture_64_id_V, pointer</column>
</table>
</item>
</section>
</profile>
