<profile>

<section name = "Vivado HLS Report for 'pixel_unpack'" level="0">
<item name = "Date">Mon Nov  7 13:05:06 2022
</item>
<item name = "Version">2019.1 (Build 2552052 on Fri May 24 15:28:33 MDT 2019)</item>
<item name = "Project">pixel_unpack</item>
<item name = "Solution">solution1</item>
<item name = "Product family">zynq</item>
<item name = "Target device">xc7z020-clg400-1</item>
</section>

<section name = "Performance Estimates" level="0">
<item name = "Timing (ns)">
<section name = "" level="1">
<item name = "Summary"><table name="" hasTotal="0">
<keys size="4">Clock, Target, Estimated, Uncertainty</keys>
<column name="ap_clk">7.00, 2.302, 0.88</column>
</table>
</item>
</section>
</item>
<item name = "Latency (clock cycles)">
<section name = "" level="1">
<item name = "Summary"><table name="" hasTotal="0">
<keys size="6">, min, max, min, max, Type</keys>
<column name="">?, ?, ?, ?, none</column>
</table>
</item>
<item name = "Detail">
<section name = "" level="1">
<item name = "Instance"><table name="" hasTotal="0">
<keys size="7">Instance, Module, min, max, min, max, Type</keys>
</table>
</item>
<item name = "Loop"><table name="" hasTotal="0">
<keys size="8">Loop Name, min, max, Latency, achieved, target, Count, Pipelined</keys>
<column name="- Loop 1">?, ?, 7, 4, 4, ?, yes</column>
<column name="- Loop 2">?, ?, 2, 1, 1, ?, yes</column>
<column name="- Loop 3">?, ?, 5, 4, 4, ?, yes</column>
<column name="- Loop 4">?, ?, 3, 2, 2, ?, yes</column>
<column name="- Loop 5">?, ?, 3, 2, 2, ?, yes</column>
</table>
</item>
</section>
</item>
</section>
</item>
</section>
</profile>
