<?xml version="1.0" encoding="UTF-8"?>
<GenRun Id="synth_1" LaunchPart="xc7z020clg400-1" LaunchTime="1696260035">
  <File Type="PA-TCL" Name="lab1_top.tcl"/>
  <File Type="RDS-PROPCONSTRS" Name="lab1_top_drc_synth.rpt"/>
  <File Type="REPORTS-TCL" Name="lab1_top_reports.tcl"/>
  <File Type="RDS-RDS" Name="lab1_top.vds"/>
  <File Type="RDS-UTIL" Name="lab1_top_utilization_synth.rpt"/>
  <File Type="RDS-UTIL-PB" Name="lab1_top_utilization_synth.pb"/>
  <File Type="RDS-DCP" Name="lab1_top.dcp"/>
  <File Type="VDS-TIMINGSUMMARY" Name="lab1_top_timing_summary_synth.rpt"/>
  <File Type="VDS-TIMING-PB" Name="lab1_top_timing_summary_synth.pb"/>
  <FileSet Name="sources" Type="DesignSrcs" RelSrcDir="$PSRCDIR/sources_1">
    <Filter Type="Srcs"/>
    <File Path="$PSRCDIR/sources_1/new/Counter.sv">
      <FileInfo>
        <Attr Name="ImportPath" Val="$PPRDIR/../ChanghongLi_lab1_183/ChanghongLi_lab1_183.srcs/sources_1/new/Counter.sv"/>
        <Attr Name="ImportTime" Val="1696107281"/>
        <Attr Name="UsedIn" Val="synthesis"/>
        <Attr Name="UsedIn" Val="implementation"/>
        <Attr Name="UsedIn" Val="simulation"/>
      </FileInfo>
    </File>
    <File Path="$PSRCDIR/sources_1/new/FSM.sv">
      <FileInfo>
        <Attr Name="ImportPath" Val="$PPRDIR/../ChanghongLi_lab1_183/ChanghongLi_lab1_183.srcs/sources_1/new/FSM.sv"/>
        <Attr Name="ImportTime" Val="1696107281"/>
        <Attr Name="UsedIn" Val="synthesis"/>
        <Attr Name="UsedIn" Val="implementation"/>
        <Attr Name="UsedIn" Val="simulation"/>
      </FileInfo>
    </File>
    <File Path="$PSRCDIR/sources_1/imports/001req/debouncer.sv">
      <FileInfo>
        <Attr Name="ImportPath" Val="$PPRDIR/../001req/debouncer.sv"/>
        <Attr Name="ImportTime" Val="1695828003"/>
        <Attr Name="UsedIn" Val="synthesis"/>
        <Attr Name="UsedIn" Val="implementation"/>
        <Attr Name="UsedIn" Val="simulation"/>
      </FileInfo>
    </File>
    <File Path="$PSRCDIR/sources_1/new/lab1_top.sv">
      <FileInfo>
        <Attr Name="ImportPath" Val="$PPRDIR/../ChanghongLi_lab1_183/ChanghongLi_lab1_183.srcs/sources_1/new/lab1_top.sv"/>
        <Attr Name="ImportTime" Val="1696107281"/>
        <Attr Name="UsedIn" Val="synthesis"/>
        <Attr Name="UsedIn" Val="implementation"/>
        <Attr Name="UsedIn" Val="simulation"/>
      </FileInfo>
    </File>
    <Config>
      <Option Name="DesignMode" Val="RTL"/>
      <Option Name="TopModule" Val="lab1_top"/>
      <Option Name="TopAutoSet" Val="TRUE"/>
    </Config>
  </FileSet>
  <FileSet Name="constrs_in" Type="Constrs" RelSrcDir="$PSRCDIR/constrs_1">
    <Filter Type="Constrs"/>
    <File Path="$PSRCDIR/constrs_1/imports/002res/PYNQ-Z2 v1.0.xdc">
      <FileInfo>
        <Attr Name="ImportPath" Val="$PPRDIR/../002res/PYNQ-Z2 v1.0.xdc"/>
        <Attr Name="ImportTime" Val="1695828104"/>
        <Attr Name="UsedIn" Val="synthesis"/>
        <Attr Name="UsedIn" Val="implementation"/>
      </FileInfo>
    </File>
    <Config>
      <Option Name="ConstrsType" Val="XDC"/>
    </Config>
  </FileSet>
  <FileSet Name="utils" Type="Utils" RelSrcDir="$PSRCDIR/utils_1">
    <Filter Type="Utils"/>
    <Config>
      <Option Name="TopAutoSet" Val="TRUE"/>
    </Config>
  </FileSet>
  <Strategy Version="1" Minor="2">
    <StratHandle Name="Vivado Synthesis Defaults" Flow="Vivado Synthesis 2018"/>
    <Step Id="synth_design"/>
  </Strategy>
</GenRun>
