<?xml version="1.0" encoding="UTF-8"?>
<GenRun Id="synth_1" LaunchPart="xc7z020clg400-1" LaunchTime="1695982814">
  <File Type="PA-TCL" Name="lab0_top.tcl"/>
  <File Type="RDS-PROPCONSTRS" Name="lab0_top_drc_synth.rpt"/>
  <File Type="REPORTS-TCL" Name="lab0_top_reports.tcl"/>
  <File Type="RDS-RDS" Name="lab0_top.vds"/>
  <File Type="RDS-UTIL" Name="lab0_top_utilization_synth.rpt"/>
  <File Type="RDS-UTIL-PB" Name="lab0_top_utilization_synth.pb"/>
  <File Type="RDS-DCP" Name="lab0_top.dcp"/>
  <File Type="VDS-TIMINGSUMMARY" Name="lab0_top_timing_summary_synth.rpt"/>
  <File Type="VDS-TIMING-PB" Name="lab0_top_timing_summary_synth.pb"/>
  <FileSet Name="sources" Type="DesignSrcs" RelSrcDir="$PSRCDIR/sources_1">
    <Filter Type="Srcs"/>
    <File Path="$PSRCDIR/sources_1/imports/4C1-Lab-0/lab0_top.sv">
      <FileInfo>
        <Attr Name="ImportPath" Val="S:/ISD/4C1-Lab-0/lab0_top.sv"/>
        <Attr Name="ImportTime" Val="1695222977"/>
        <Attr Name="UsedIn" Val="synthesis"/>
        <Attr Name="UsedIn" Val="implementation"/>
        <Attr Name="UsedIn" Val="simulation"/>
      </FileInfo>
    </File>
    <Config>
      <Option Name="DesignMode" Val="RTL"/>
      <Option Name="TopModule" Val="lab0_top"/>
      <Option Name="TopAutoSet" Val="TRUE"/>
    </Config>
  </FileSet>
  <FileSet Name="constrs_in" Type="Constrs" RelSrcDir="$PSRCDIR/constrs_1">
    <Filter Type="Constrs"/>
    <File Path="$PSRCDIR/constrs_1/imports/4C1-Lab-0/PYNQ-Z2 v1.0.xdc">
      <FileInfo>
        <Attr Name="ImportPath" Val="S:/ISD/4C1-Lab-0/PYNQ-Z2 v1.0.xdc"/>
        <Attr Name="ImportTime" Val="1695222977"/>
        <Attr Name="UsedIn" Val="synthesis"/>
        <Attr Name="UsedIn" Val="implementation"/>
      </FileInfo>
    </File>
    <Config>
      <Option Name="ConstrsType" Val="XDC"/>
    </Config>
  </FileSet>
  <FileSet Name="utils" Type="Utils" RelSrcDir="$PSRCDIR/utils_1">
    <Filter Type="Utils"/>
    <Config>
      <Option Name="TopAutoSet" Val="TRUE"/>
    </Config>
  </FileSet>
  <Strategy Version="1" Minor="2">
    <StratHandle Name="Vivado Synthesis Defaults" Flow="Vivado Synthesis 2018">
      <Desc>Vivado Synthesis Defaults</Desc>
    </StratHandle>
    <Step Id="synth_design"/>
  </Strategy>
</GenRun>
