<InterfaceSummary>
<RtlPorts>
<name>stream_in_24_data</name>
<CType>
<TypeName>struct</TypeName>
<TypeWidth>24</TypeWidth>
<PhysicalWidth>24</PhysicalWidth>
<Fields>
<Field>
<FieldName>p1</FieldName>
<FieldType>
<TypeName>ap_int 8</TypeName>
<TypeWidth>8</TypeWidth>
<PhysicalWidth>8</PhysicalWidth>
</FieldType>
</Field>
<Field>
<FieldName>p2</FieldName>
<FieldType>
<TypeName>ap_int 8</TypeName>
<TypeWidth>8</TypeWidth>
<PhysicalWidth>8</PhysicalWidth>
</FieldType>
</Field>
<Field>
<FieldName>p3</FieldName>
<FieldType>
<TypeName>ap_int 8</TypeName>
<TypeWidth>8</TypeWidth>
<PhysicalWidth>8</PhysicalWidth>
</FieldType>
</Field>
</Fields>
</CType>
<CFractionWidth>0</CFractionWidth>
<InvalidType>1</InvalidType>
</RtlPorts>
<RtlPorts>
<name>stream_in_24_user_V</name>
<CType>
<TypeName>ap_uint 1</TypeName>
<TypeWidth>1</TypeWidth>
<PhysicalWidth>1</PhysicalWidth>
</CType>
<CFractionWidth>0</CFractionWidth>
<InvalidType>0</InvalidType>
</RtlPorts>
<RtlPorts>
<name>stream_in_24_last_V</name>
<CType>
<TypeName>ap_uint 1</TypeName>
<TypeWidth>1</TypeWidth>
<PhysicalWidth>1</PhysicalWidth>
</CType>
<CFractionWidth>0</CFractionWidth>
<InvalidType>0</InvalidType>
</RtlPorts>
<RtlPorts>
<name>stream_out_24_data</name>
<CType>
<TypeName>struct</TypeName>
<TypeWidth>24</TypeWidth>
<PhysicalWidth>24</PhysicalWidth>
<Fields>
<Field>
<FieldName>p1</FieldName>
<FieldType>
<TypeName>ap_int 8</TypeName>
<TypeWidth>8</TypeWidth>
<PhysicalWidth>8</PhysicalWidth>
</FieldType>
</Field>
<Field>
<FieldName>p2</FieldName>
<FieldType>
<TypeName>ap_int 8</TypeName>
<TypeWidth>8</TypeWidth>
<PhysicalWidth>8</PhysicalWidth>
</FieldType>
</Field>
<Field>
<FieldName>p3</FieldName>
<FieldType>
<TypeName>ap_int 8</TypeName>
<TypeWidth>8</TypeWidth>
<PhysicalWidth>8</PhysicalWidth>
</FieldType>
</Field>
</Fields>
</CType>
<CFractionWidth>0</CFractionWidth>
<InvalidType>1</InvalidType>
</RtlPorts>
<RtlPorts>
<name>stream_out_24_user_V</name>
<CType>
<TypeName>ap_uint 1</TypeName>
<TypeWidth>1</TypeWidth>
<PhysicalWidth>1</PhysicalWidth>
</CType>
<CFractionWidth>0</CFractionWidth>
<InvalidType>0</InvalidType>
</RtlPorts>
<RtlPorts>
<name>stream_out_24_last_V</name>
<CType>
<TypeName>ap_uint 1</TypeName>
<TypeWidth>1</TypeWidth>
<PhysicalWidth>1</PhysicalWidth>
</CType>
<CFractionWidth>0</CFractionWidth>
<InvalidType>0</InvalidType>
</RtlPorts>
<RtlPorts>
<name>c1_c1_V</name>
<CType>
<TypeName>ap_fixed 10 2 0 0 0</TypeName>
<TypeWidth>10</TypeWidth>
<PhysicalWidth>10</PhysicalWidth>
</CType>
<CFractionWidth>8</CFractionWidth>
<InvalidType>0</InvalidType>
</RtlPorts>
<RtlPorts>
<name>c1_c2_V</name>
<CType>
<TypeName>ap_fixed 10 2 0 0 0</TypeName>
<TypeWidth>10</TypeWidth>
<PhysicalWidth>10</PhysicalWidth>
</CType>
<CFractionWidth>8</CFractionWidth>
<InvalidType>0</InvalidType>
</RtlPorts>
<RtlPorts>
<name>c1_c3_V</name>
<CType>
<TypeName>ap_fixed 10 2 0 0 0</TypeName>
<TypeWidth>10</TypeWidth>
<PhysicalWidth>10</PhysicalWidth>
</CType>
<CFractionWidth>8</CFractionWidth>
<InvalidType>0</InvalidType>
</RtlPorts>
<RtlPorts>
<name>c2_c1_V</name>
<CType>
<TypeName>ap_fixed 10 2 0 0 0</TypeName>
<TypeWidth>10</TypeWidth>
<PhysicalWidth>10</PhysicalWidth>
</CType>
<CFractionWidth>8</CFractionWidth>
<InvalidType>0</InvalidType>
</RtlPorts>
<RtlPorts>
<name>c2_c2_V</name>
<CType>
<TypeName>ap_fixed 10 2 0 0 0</TypeName>
<TypeWidth>10</TypeWidth>
<PhysicalWidth>10</PhysicalWidth>
</CType>
<CFractionWidth>8</CFractionWidth>
<InvalidType>0</InvalidType>
</RtlPorts>
<RtlPorts>
<name>c2_c3_V</name>
<CType>
<TypeName>ap_fixed 10 2 0 0 0</TypeName>
<TypeWidth>10</TypeWidth>
<PhysicalWidth>10</PhysicalWidth>
</CType>
<CFractionWidth>8</CFractionWidth>
<InvalidType>0</InvalidType>
</RtlPorts>
<RtlPorts>
<name>c3_c1_V</name>
<CType>
<TypeName>ap_fixed 10 2 0 0 0</TypeName>
<TypeWidth>10</TypeWidth>
<PhysicalWidth>10</PhysicalWidth>
</CType>
<CFractionWidth>8</CFractionWidth>
<InvalidType>0</InvalidType>
</RtlPorts>
<RtlPorts>
<name>c3_c2_V</name>
<CType>
<TypeName>ap_fixed 10 2 0 0 0</TypeName>
<TypeWidth>10</TypeWidth>
<PhysicalWidth>10</PhysicalWidth>
</CType>
<CFractionWidth>8</CFractionWidth>
<InvalidType>0</InvalidType>
</RtlPorts>
<RtlPorts>
<name>c3_c3_V</name>
<CType>
<TypeName>ap_fixed 10 2 0 0 0</TypeName>
<TypeWidth>10</TypeWidth>
<PhysicalWidth>10</PhysicalWidth>
</CType>
<CFractionWidth>8</CFractionWidth>
<InvalidType>0</InvalidType>
</RtlPorts>
<RtlPorts>
<name>bias_c1_V</name>
<CType>
<TypeName>ap_fixed 10 2 0 0 0</TypeName>
<TypeWidth>10</TypeWidth>
<PhysicalWidth>10</PhysicalWidth>
</CType>
<CFractionWidth>8</CFractionWidth>
<InvalidType>0</InvalidType>
</RtlPorts>
<RtlPorts>
<name>bias_c2_V</name>
<CType>
<TypeName>ap_fixed 10 2 0 0 0</TypeName>
<TypeWidth>10</TypeWidth>
<PhysicalWidth>10</PhysicalWidth>
</CType>
<CFractionWidth>8</CFractionWidth>
<InvalidType>0</InvalidType>
</RtlPorts>
<RtlPorts>
<name>bias_c3_V</name>
<CType>
<TypeName>ap_fixed 10 2 0 0 0</TypeName>
<TypeWidth>10</TypeWidth>
<PhysicalWidth>10</PhysicalWidth>
</CType>
<CFractionWidth>8</CFractionWidth>
<InvalidType>0</InvalidType>
</RtlPorts>
</InterfaceSummary>

